model,MAE,RMSE
drift,3958500000.0,4572912911.919491
naive,2203500000.0,2972781946.25842
xgb,256.0,256.0
