model,MAE,RMSE
drift,5338500000.0,6478025354.998234
naive,1684500000.0,2239998325.8922315
xgb,0.0,0.0
